id,data,classe,fase,objetivo,proposta_ia,intervencao_pesquisador,conhecimento,resultado,impacto
C01,2026-06-30,CONSISTENCIA_TEORICO_METODOLOGICA,Fidelidade teórica,Preservar as representações formais,Inserção de elementos gráficos auxiliares,Retirar elementos tracejados e estranhos ao modelo,Conhecimento teórico,MODIFICADA,Regra permanente de fidelidade representacional
C02,2026-06-30,ESTRUTURAL_GENERALIZACAO,Situações-problema,Ampliar o corpus de problemas,Carregamento de exemplos isolados,Agrupar por categoria e sortear situações curadas,Conhecimento de domínio,MODIFICADA,Repositório organizado por categoria
C03,2026-07-01,CONSISTENCIA_TEORICO_METODOLOGICA,Interação,Permitir manipulação direta do enunciado,Arraste amplo de elementos,Restringir aos números e ao ponto de interrogação,Design de interação,MODIFICADA,Modelagem dependente da ação explícita do usuário
C04,2026-07-01,ESTRUTURAL_GENERALIZACAO,Scaffolding,Oferecer retorno durante o arraste,Conjunto de efeitos visuais acoplados,"Organizar proximidade, destaque, passagem, affordance e atração magnética",Arquitetura e IHC,MODIFICADA,Strategy para estilos de proximidade
C05,2026-07-01,CONSISTENCIA_TEORICO_METODOLOGICA,Semântica numérica,Representar sinais de transformação,Digitação de número negativo,Separar valor e sinal em controles distintos,Conhecimento matemático,MODIFICADA,Valor e sinal tornaram-se dimensões independentes
C06,2026-07-01,REFINAMENTO_VISUAL_OPERACIONAL,Representações compostas,Exibir dois passos de transformação,Área fixa com ocultação parcial,Aumentar e centralizar a área de diagramas,Design visual,MODIFICADA,Renderização adaptada a múltiplos diagramas
C07,2026-07-01,CONSISTENCIA_TEORICO_METODOLOGICA,Interação,Editar elementos do diagrama,Edição externa ao diagrama,Usar duplo clique sobre quadrados e círculos,Design de interação,MODIFICADA,Edição direta incorporada como estilo
C08,2026-07-02,ESTRUTURAL_GENERALIZACAO,Log,Distinguir autoria das ações,Agente tratado de modo incompleto,Preservar S para sujeito e C para computador,Metodologia de análise,MODIFICADA,Log com autoria explícita
C09,2026-07-02,ESTRUTURAL_GENERALIZACAO,Log,Distinguir ações sem finalidade matemática,Ações neutras e de interface agrupadas,Separar ações neutras de ações de interface,Metodologia de análise,MODIFICADA,Taxonomia do log mais precisa
C10,2026-07-02,REFINAMENTO_VISUAL_OPERACIONAL,Visualização,Analisar percursos de interação,Redes redundantes e pouco legíveis,Distinguir S/C e organizar redes verticalmente,IHC e análise de dados,MODIFICADA,Redes de transição mais interpretáveis
C11,2026-07-05,ESTRUTURAL_GENERALIZACAO,Consistência,Sincronizar diagramas em dois passos,Representações independentes,Usar o estado final do passo 1 como estado inicial do passo 2,Conhecimento matemático,MODIFICADA,Sincronização entre representações encadeadas
C12,2026-07-05,ESTRUTURAL_GENERALIZACAO,Arquitetura,Organizar funcionalidades de proximidade,Recursos dispersos no código,Mover recursos para Scaffolding/Proximidade,Engenharia de software,MODIFICADA,Responsabilidades mais localizadas
C13,2026-07-13,ESTRUTURAL_GENERALIZACAO,Internacionalização,Oferecer quatro idiomas,Tradução com risco de alterar estado,Restringir troca de idioma à camada textual,Arquitetura e internacionalização,MODIFICADA,Modelagem preservada entre idiomas
C14,2026-07-13,REFINAMENTO_VISUAL_OPERACIONAL,Interface,Reduzir diálogo de entrada numérica,Janela ampla e mensagem extensa,Usar diálogo compacto em duas linhas,Usabilidade,MODIFICADA,Menor carga visual
C15,2026-07-13,ESTRUTURAL_GENERALIZACAO,Análise,Associar explicações à resolução,Tela genérica desvinculada da tentativa,"Organizar tarefa matemática, interação, pesquisador e fotografia",Metodologia,MODIFICADA,Análise vinculada à tentativa
C16,2026-07-13,ESTRUTURAL_GENERALIZACAO,Rastreabilidade,Mostrar tentativas ao pesquisador,Exibir identificador técnico completo,Apresentar número ordinal por situação,Metodologia,MODIFICADA,Rastreabilidade legível sem perder unicidade
C17,2026-07-13,ESTRUTURAL_GENERALIZACAO,Invariantes,Registrar formas simbólicas,Campo textual livre,"Usar catálogo, códigos e construtor controlado",Teoria e metodologia,MODIFICADA,Invariantes normalizados
C18,2026-07-13,ESTRUTURAL_GENERALIZACAO,Log,Associar invariantes às ações,Registrar invariante apenas ao final,Repetir os quatro campos em cada ação,Análise de dados,MODIFICADA,Linhas autossuficientes para análise
C19,2026-07-13,CONSISTENCIA_TEORICO_METODOLOGICA,Autorrelato,Registrar dificuldade percebida,Classificação binária ou do pesquisador,Usar Fácil/Intermediária/Difícil pelo usuário,Metodologia,MODIFICADA,Autorrelato com três níveis
C20,2026-07-13,REFINAMENTO_VISUAL_OPERACIONAL,Interface,Evitar explicações excessivas,Campos abertos extensos,Limitar caracteres e habilitar explicação após a escolha,Usabilidade e metodologia,MODIFICADA,Tela compacta e dados mais comparáveis
C21,2026-07-13,ESTRUTURAL_GENERALIZACAO,Domínio,Montar explicações por categoria,Listas fixas de campos,Gerar um bloco por elemento semântico da categoria,Modelagem de domínio,MODIFICADA,Renderização dinâmica
C22,2026-07-13,REFINAMENTO_VISUAL_OPERACIONAL,Interface,Manter alinhamento dos painéis,Coordenadas isoladas,Compartilhar margens e recalcular no redimensionamento,Design visual,MODIFICADA,Responsividade consistente
C23,2026-07-13,ESTRUTURAL_GENERALIZACAO,Curadoria,Reduzir confusão entre campos,Formulário amplo com rolagem,Mostrar somente elementos válidos da categoria,Modelagem de domínio,MODIFICADA,Curadoria dinâmica sem campos irrelevantes
C24,2026-07-13,ESTRUTURAL_GENERALIZACAO,Arquitetura,Definir a fonte dos elementos semânticos,Fonte global indistinta,Usar a categoria apenas como fonte da tarefa matemática,Arquitetura e teoria,MODIFICADA,Separação entre domínio matemático e interação
C25,2026-07-13,ESTRUTURAL_GENERALIZACAO,Log,Distinguir tipos e consequências das ações,Ação genérica,Separar MODELAGEM/NAVEGABILIDADE e natureza/efeito,Metodologia e arquitetura,MODIFICADA,Log analiticamente mais preciso
C26,2026-07-14,ESTRUTURAL_GENERALIZACAO,Comparação conceitual,Mostrar mesma solução em categorias distintas,Painéis independentes ou cinco colunas,Exigir tabela com quatro colunas e categoria sobre o enunciado,Design pedagógico,MODIFICADA,Novo modo comparativo tabular
C27,2026-07-14,CONSISTENCIA_TEORICO_METODOLOGICA,Representação,Separar categoria de instância,Diagrama da categoria preenchido e interativo,"Torná-lo vazio, estático e não interativo",Conhecimento teórico,MODIFICADA,Distinção explícita entre estrutura e instância
C28,2026-07-14,REFINAMENTO_VISUAL_OPERACIONAL,Comparação entre categorias,Reforçar a equivalência numérica e melhorar o uso do espaço,Mensagem discreta e distribuição espacial pouco eficiente,"Exigir faixa de destaque, cores consistentes para os valores e redistribuição das quatro colunas",Design visual e pedagógico,MODIFICADA,Hierarquia visual reforça mesma solução numérica e diferencia valores sem alterar a estrutura conceitual
C29,2026-07-14,REFINAMENTO_VISUAL_OPERACIONAL,Comparação entre categorias,Explicitar a tese central do Gérard na tela comparativa,Texto secundário com pouco destaque,Substituir a mensagem inferior por uma formulação assertiva e visualmente reforçada,Design visual e argumentação pedagógica,MODIFICADA,Faixa superior passa a enunciar explicitamente que mesma solução numérica não implica a mesma estrutura matemática
C30,2026-07-14,REFINAMENTO_VISUAL_OPERACIONAL,Diálogos e menus,Padronizar componentes visuais auxiliares,Diálogo legado e menus com tipografia e espaçamento inconsistentes,"Padronizar diálogo de inserção, fontes, negrito, margens, bordas e realce dos menus",Design visual e internacionalização,MODIFICADA,Diálogo e menus passam a compartilhar o padrão visual da interface
C31,2026-07-14,REFINAMENTO_VISUAL_OPERACIONAL,Navegação por menus,Reduzir ruído visual na indicação de submenus,Setas textuais inseridas manualmente ao lado dos itens,"Retirar as setas e preservar abertura por onmouseover, realce e clique alternativo",Design de interação,MODIFICADA,Submenus permanecem descobertos pelo comportamento de hover com menu mais limpo
C32,2026-07-14,ESTRUTURAL_GENERALIZACAO,Arquitetura dos elementos gráficos,Reduzir a concentração de responsabilidades em Main.java,Dez classes gráficas mantidas como classes internas estáticas,"Extrair os elementos para gerard.campoaditivo.diagrama.elementos, centralizar o tema dos menus e acrescentar regressão headless de geometria e desenho",Engenharia de software e regressão,MODIFICADA,Elementos gráficos passam a ter arquivos próprios com compilação e teste de fumaça automatizado
C33,2026-07-14,CONSISTENCIA_TEORICO_METODOLOGICA,Construção reversa da situação-problema,Construir a situação com blocos corretos e blocos de outras categorias,Usar alternativas de outras categorias sem controlar seu afastamento semântico,"Exigir distância semântica controlada: manter contexto, personagens, objeto, valores, vocabulário e forma linguística aproximada, variando principalmente a relação entre quantidades",Conhecimento pedagógico e teórico,MODIFICADA,Nova aba exige interpretação do diagrama sem reduzir a tarefa a um jogo dos sete erros
C34,2026-07-14,ESTRUTURAL_GENERALIZACAO,Distribuição Windows,Permitir uso por pessoa leiga sem configuração manual,Script dependente de Java previamente instalado,"Empacotar distribuição com instalação automática, runtime compatível, ícone, atalhos e opção de jpackage",Engenharia de software e implantação,MODIFICADA,Distribuição reduz dependências técnicas do usuário final
C35,2026-07-14,REFINAMENTO_VISUAL_OPERACIONAL,Construção da situação-problema,Representar adequadamente a atividade cognitiva e oferecer apoio sem exposição contínua,Aba denominada Montar e definição permanentemente visível,Substituir montar por construir e mostrar a definição somente no onmouseover do nome da categoria,Design pedagógico e interação,MODIFICADA,Nomenclatura reforça raciocínio construtivo e ajuda contextual preserva a leitura limpa do diagrama
C36,2026-07-15,CONSISTENCIA_TEORICO_METODOLOGICA,Representação de comparação,Substituir a representação inadequada de Venn na comparação de medidas,Manter a estrutura circular utilizada nas demais categorias,Adotar duas barras de quantidades com unidades manipuláveis e valor relativo explícito,Teoria dos Campos Conceituais e representação didática,MODIFICADA,"Comparação passa a tornar visíveis referido, referendo e valor relativo"
C37,2026-07-15,CONSISTENCIA_TEORICO_METODOLOGICA,Mapeamento semântico,Sincronizar o gráfico com os papéis curados,Usar a ordem superficial dos números do enunciado,"Exigir referido, referendo e valor relativo como fonte semântica do gráfico",Semântica das categorias aditivas,MODIFICADA,O gráfico deixa de trocar os papéis das quantidades
C38,2026-07-15,REFINAMENTO_VISUAL_OPERACIONAL,Curadoria,Reduzir confusão na leitura do formulário,Expor identificadores técnicos ao pesquisador,Ocultar campos com referência a ID mantendo-os internamente,Usabilidade e persistência,MODIFICADA,Curadoria preserva vínculos internos sem expor metadados técnicos
C39,2026-07-15,CONSISTENCIA_TEORICO_METODOLOGICA,Curadoria linguística,Explicitar pessoas e objetos envolvidos no enunciado,Participantes dependiam de extração automática do texto,"Adicionar personagem_1, personagem_2 e personagem_3 como metadados livres e persistentes por versão linguística",Conhecimento linguístico e modelagem de dados,MODIFICADA,Entidades do enunciado passam a ser registradas explicitamente sem depender apenas de inferência automática
C40,2026-07-15,REFINAMENTO_VISUAL_OPERACIONAL,Texto do gráfico,Evitar corte do texto explicativo,Desenhar a descrição em uma linha,Aplicar quebra controlada e posteriormente reduzir informação acessória,Legibilidade de interface,MODIFICADA,Texto deixa de ultrapassar a área disponível
C41,2026-07-15,CONSISTENCIA_TEORICO_METODOLOGICA,Comparação manipulável,Tornar o valor relativo uma relação observável,Mostrar somente uma chave e um texto de diferença,"Usar escala de zero a n, ponto de controle e nomes dos participantes sob as barras",Representação matemática e mediação pedagógica,MODIFICADA,A relação pode ser explorada sem perder os papéis semânticos
C42,2026-07-15,REFINAMENTO_VISUAL_OPERACIONAL,Controle da comparação,Permitir manipulação direta do valor relativo,Exibir ponto apenas como marcador visual,Tornar o ponto arrastável e restaurar o cartão numérico sincronizado,Manipulação direta,MODIFICADA,"Eixo, cartão e barras passam a responder à mesma interação"
C43,2026-07-15,REFINAMENTO_VISUAL_OPERACIONAL,Layout da comparação,"Eliminar sobreposição entre eixo, números e cartão",Posicionar componentes em uma faixa estreita,Ampliar área de captura e separar espacialmente escala e cartão,Ergonomia visual,MODIFICADA,Representação ganha legibilidade e área de interação mais estável
C44,2026-07-15,REFINAMENTO_VISUAL_OPERACIONAL,Comportamento do eixo,Manter o eixo estável durante o arraste,Recalcular o máximo com o valor corrente do ponto,Fixar o eixo pelo valor curado e mover o ponto de forma contínua,Interação e consistência visual,MODIFICADA,O eixo não encolhe e o marcador pode percorrer toda a escala
C45,2026-07-15,ESTRUTURAL_GENERALIZACAO,Sincronização reativa,Vincular o controle à quantidade do termo desconhecido,Atualizar apenas o ponto e o cartão,Fazer a barra do referendo aumentar ou diminuir conforme o controle,Arquitetura reativa e papéis semânticos,MODIFICADA,Uma alteração no eixo propaga-se à representação da quantidade desconhecida
C46,2026-07-15,REFINAMENTO_VISUAL_OPERACIONAL,Cartão do valor relativo,Adequar a área ao conteúdo sinal e número,Usar painel alto semelhante às barras,Reduzir para cartão compacto com valor centralizado,Economia visual,MODIFICADA,O valor relativo ocupa espaço proporcional à informação exibida
C47,2026-07-15,CONSISTENCIA_TEORICO_METODOLOGICA,Correspondência entre quantidades,Evidenciar a parte comum entre referido e referendo,Usar a mesma cor neutra para todas as unidades,"Colorir em vermelho suave, de baixo para cima, a mesma quantidade de unidades nas duas barras",Representação comparativa e percepção visual,MODIFICADA,A quantidade comum torna-se visível e as unidades excedentes permanecem diferenciadas
C48,2026-07-15,REFINAMENTO_VISUAL_OPERACIONAL,Diagrama de Vergnaud,Tornar visíveis os papéis semânticos dos nós,Manter nós sem rótulos contextuais,Adicionar rótulos diretamente aos elementos sem alterar a notação formal,Legibilidade representacional,MODIFICADA,Papéis semânticos passam a ser identificáveis no próprio diagrama
C49,2026-07-15,CONSISTENCIA_TEORICO_METODOLOGICA,Representações complementares,Evitar representação inadequada na transformação de medidas,Manter o diagrama de Venn ao lado de Vergnaud,Ocultar o Venn nessa categoria e ampliar a área do diagrama formal,Teoria dos Campos Conceituais,MODIFICADA,Transformação de medidas deixa de exibir representação complementar inadequada
C50,2026-07-15,CONSISTENCIA_TEORICO_METODOLOGICA,Comparação de medidas,Preservar a modelagem efetiva do usuário,Preencher inicialmente o gráfico com valores curados,Iniciar as barras vazias até o posicionamento explícito no diagrama de Vergnaud,Metodologia de coleta de dados,MODIFICADA,A representação mostra apenas valores efetivamente modelados
C51,2026-07-15,CONSISTENCIA_TEORICO_METODOLOGICA,Mapeamento semântico,Corrigir correspondência entre Vergnaud e barras,Associar elementos pela ordem visual,"Mapear referido, valor relativo e referendo pelos papéis curados",Semântica aditiva,MODIFICADA,Rótulos e valores deixam de ser trocados na comparação
C52,2026-07-15,ESTRUTURAL_GENERALIZACAO,Curadoria e domínio,Generalizar a fonte semântica para todas as categorias,Manter regras específicas dispersas por tela,"Centralizar papéis, valores, sinais, incógnita e participantes na curadoria",Arquitetura de domínio,MODIFICADA,Uma fonte semântica única alimenta todas as categorias aditivas
C53,2026-07-15,CONSISTENCIA_TEORICO_METODOLOGICA,Comparação manipulável,Evitar antecipação de valores não modelados,Preencher simultaneamente as duas barras,Preencher cada barra somente quando o papel correspondente for posicionado,Validade metodológica,MODIFICADA,Cada quantidade visual corresponde a uma ação explícita do usuário
C54,2026-07-15,REFINAMENTO_VISUAL_OPERACIONAL,Gráfico de barras,Melhorar uso do espaço vertical,Distribuir unidades com espaçamento amplo,Compactar quadradinhos de baixo para cima e fixar o eixo à geometria das barras,Design visual,MODIFICADA,Barras ganham compactação e alinhamento estável
C55,2026-07-15,REFINAMENTO_VISUAL_OPERACIONAL,Eixo dos inteiros,Manter a escala durante a manipulação,Redimensionar a escala conforme o valor corrente,"Fixar extremos e espaçamento, movendo somente o ponto de controle",Manipulação direta,MODIFICADA,Escala permanece estável durante a exploração
C56,2026-07-15,REFINAMENTO_VISUAL_OPERACIONAL,Personagens no diagrama,Relacionar papéis e participantes,Exibir apenas os papéis formais,Adicionar subtítulos com personagens ou objetos nos nós,Legibilidade e contexto,MODIFICADA,Participantes passam a aparecer junto aos papéis semânticos
C57,2026-07-15,REFINAMENTO_VISUAL_OPERACIONAL,Layout da comparação,Evitar intersecção entre rótulo e seta,Manter o Referendo abaixo do nó superior,Mover o rótulo e o personagem para cima do quadrado,Ergonomia visual,MODIFICADA,Referendo deixa de se sobrepor à seta vertical
C58,2026-07-15,REFINAMENTO_VISUAL_OPERACIONAL,Hierarquia dos rótulos,Aprimorar ordem de leitura do nó superior,Exibir Referendo antes do personagem,Colocar o nome do personagem acima do rótulo Referendo,Hierarquia visual,MODIFICADA,Leitura do participante e do papel fica mais clara
C59,2026-07-15,REFINAMENTO_VISUAL_OPERACIONAL,Codificação visual,Distinguir personagens dos papéis,Usar a mesma cor para todos os rótulos,Aplicar vermelho suave aos nomes dos personagens em todas as categorias,Design visual,MODIFICADA,Personagens ganham identidade cromática consistente
C60,2026-07-15,ESTRUTURAL_GENERALIZACAO,Sincronização reativa,Propagar alterações do eixo vertical,Atualizar apenas o gráfico de barras,Atualizar também Vergnaud e o eixo do número relativo,Arquitetura reativa,MODIFICADA,Eixo vertical torna-se fonte válida de alteração semântica
C61,2026-07-15,ESTRUTURAL_GENERALIZACAO,Sincronização bidirecional,Unificar o valor relativo entre representações,Manter atualizações parciais em uma direção,"Sincronizar Vergnaud, barras e eixos em todas as ações e nos dois sentidos",Arquitetura de estado,MODIFICADA,Valor relativo passa a ter comportamento bidirecional consistente
C62,2026-07-15,ESTRUTURAL_GENERALIZACAO,Edição direta,Permitir alterar o cartão do valor relativo,Tratar o cartão como exibição passiva,"Propagar a edição para Vergnaud, barras e eixos",Manipulação direta e arquitetura,MODIFICADA,Edição textual participa do mesmo fluxo reativo
C63,2026-07-15,REFINAMENTO_VISUAL_OPERACIONAL,Generalização visual,Exibir personagens em todas as categorias,Manter o recurso apenas na comparação,Estender subtítulos e ajustar o espaçamento do Referendo,Legibilidade generalizada,MODIFICADA,Personagens passam a ser apresentados em todas as categorias
C64,2026-07-15,ESTRUTURAL_GENERALIZACAO,Diagrama de Venn,Propagar manipulações das unidades,Mover quadradinhos sem alterar o modelo semântico,Atualizar Vergnaud após movimentação ou remoção de unidades,Arquitetura bidirecional,MODIFICADA,Venn e Vergnaud passam a compartilhar alterações
C65,2026-07-15,CONSISTENCIA_TEORICO_METODOLOGICA,Inicialização da modelagem,Evitar representação antecipada,Carregar o Venn com os valores curados,Iniciar vazio e preencher somente após ações no diagrama formal,Metodologia de observação,MODIFICADA,Venn passa a refletir apenas a modelagem construída
C66,2026-07-15,ESTRUTURAL_GENERALIZACAO,Composição de medidas,Sincronizar a coleção Todo,Manter a resultante incompleta ou independente,Vincular a coleção Todo ao valor modelado e às manipulações bidirecionais,Arquitetura semântica,MODIFICADA,Todo torna-se manipulável e sincronizado
C67,2026-07-15,ESTRUTURAL_GENERALIZACAO,Estado compartilhado,Eliminar cadeias locais de sincronização,Atualizar representações diretamente umas pelas outras,"Criar estado semântico único com snapshot, origem e proteção contra recursão",Arquitetura de domínio,MODIFICADA,Todas as representações tornam-se projeções do mesmo estado
C68,2026-07-15,CONSISTENCIA_TEORICO_METODOLOGICA,Cardinalidade visual,Representar integralmente o valor do Todo,Limitar a coleção a doze unidades,Usar grade adaptativa sem truncar a quantidade semântica,Consistência representacional,MODIFICADA,Quantidade desenhada passa a coincidir com a quantidade matemática
C69,2026-07-15,REFINAMENTO_VISUAL_OPERACIONAL,Composição de coleções,Melhorar a acomodação da resultante,Usar seta longa e espaço insuficiente para o Todo,Reduzir a seta e redistribuir coleções e valor resultante,Distribuição espacial,MODIFICADA,Todo permanece legível dentro da área útil
C70,2026-07-15,CONSISTENCIA_TEORICO_METODOLOGICA,Curadoria de participantes,Atualizar personagens após a curadoria,Manter rótulos antigos até nova renderização,Reaplicar imediatamente os nomes nos nós já exibidos,Consistência semântica,MODIFICADA,Diagrama corrente passa a refletir a curadoria sem recarregamento
C71,2026-07-15,REFINAMENTO_VISUAL_OPERACIONAL,Diagrama complementar,Reduzir informação redundante,Manter texto explicativo abaixo do título,Remover o texto e preservar título e manipulação,Economia visual,MODIFICADA,Área complementar fica mais limpa
C72,2026-07-15,REFINAMENTO_VISUAL_OPERACIONAL,Navegação,Evitar acesso a funcionalidades incompletas,Manter menus ativos sem implementação consolidada,Desabilitar opções e informar Em construção,Usabilidade operacional,MODIFICADA,Usuário deixa de entrar em fluxos ainda não disponíveis
C73,2026-07-15,ESTRUTURAL_GENERALIZACAO,Rastreabilidade de falhas,Registrar problemas encontrados pelo usuário,Depender de descrição externa ao sistema,Adicionar formulário de relato com contexto e persistência local,Engenharia de software,MODIFICADA,Relatos passam a ser vinculados ao estado da atividade
C74,2026-07-15,REFINAMENTO_VISUAL_OPERACIONAL,Relato de bug,Facilitar o envio do registro,Salvar somente a cópia local,Abrir cliente de e-mail com mensagem preenchida,Fluxo operacional,MODIFICADA,Relato pode ser enviado sem transcrição manual
C75,2026-07-15,ESTRUTURAL_GENERALIZACAO,Diagnóstico de falhas,Incluir o estado representacional no relato,Registrar apenas texto e categoria,Adicionar representações exibidas e extensões futuras da curadoria,Rastreabilidade técnica,MODIFICADA,Relatos passam a descrever o contexto visual da falha
C76,2026-07-15,REFINAMENTO_VISUAL_OPERACIONAL,Memória do projeto,Atualizar fotografia do submenu,Manter imagem anterior,Substituir a foto preservando redimensionamento automático,Apresentação institucional,MODIFICADA,Submenu passa a exibir a nova imagem
C77,2026-07-15,REFINAMENTO_VISUAL_OPERACIONAL,Memória do projeto,Exibir duas fotografias,Mostrar somente uma imagem,Organizar as fotos lado a lado com escala automática,Layout visual,MODIFICADA,Duas imagens passam a coexistir no submenu
C78,2026-07-15,REFINAMENTO_VISUAL_OPERACIONAL,Tratamento de imagem,Substituir uma fotografia preservando o layout,Alterar a imagem com risco de deformação,Manter proporção e alinhamento com a segunda foto,Composição visual,MODIFICADA,Nova foto mantém o equilíbrio do painel
C79,2026-07-15,REFINAMENTO_VISUAL_OPERACIONAL,Nomenclatura do menu,Contextualizar o registro histórico,Usar o rótulo Em Recife e legenda inferior,Renomear para Na UFPE em 2009 e retirar a legenda,Comunicação visual,MODIFICADA,Submenu passa a indicar local e data de forma direta
C80,2026-07-15,REFINAMENTO_VISUAL_OPERACIONAL,Relato de bug,Atualizar destinatário,Enviar para endereço institucional anterior,Usar anaemilia@gmail.com mantendo cópia local,Operação de suporte,MODIFICADA,Relatos passam a ser dirigidos ao endereço definido
C81,2026-07-15,REFINAMENTO_VISUAL_OPERACIONAL,Indicação de submenu,Sinalizar que o item abre outro painel,Usar apenas o texto,Adicionar seta discreta e ajustar o posicionamento,Affordance visual,MODIFICADA,Item passa a indicar continuidade hierárquica
C82,2026-07-15,REFINAMENTO_VISUAL_OPERACIONAL,Padrão de menus,Adequar a posição da seta,Colocar o indicador antes do texto,Mover a seta para depois do rótulo,Convenção de interface,MODIFICADA,Indicador segue o padrão de submenu
C83,2026-07-15,REFINAMENTO_VISUAL_OPERACIONAL,Compatibilidade gráfica,Evitar glifo ausente,Usar caractere Unicode dependente da fonte,Desenhar a seta como ícone vetorial Swing,Robustez visual,MODIFICADA,Seta deixa de aparecer como quadrado substituto
C84,2026-07-15,REFINAMENTO_VISUAL_OPERACIONAL,Alinhamento do submenu,Separar texto e indicador,Posicionar a seta junto ao rótulo,Usar toda a largura com texto à esquerda e seta à direita,Layout de menu,MODIFICADA,Item ganha alinhamento estável e legível
C85,2026-07-15,ESTRUTURAL_GENERALIZACAO,Persistência da curadoria,Eliminar travamento ao salvar ou fechar,Executar gravações intermediárias duplicadas,Unificar o fluxo de salvar e fechar e tratar divergências numéricas,Persistência e concorrência de interface,MODIFICADA,Fechamento passa a realizar uma única gravação segura
C86,2026-07-15,CONSISTENCIA_TEORICO_METODOLOGICA,Curadoria multilíngue,Manter uma única fonte para dados semânticos,Permitir editar semântica em cada tradução,Bloquear dados semânticos nas traduções e herdá-los da original,Validade metodológica,MODIFICADA,Somente a versão original define a semântica da situação
C87,2026-07-15,CONSISTENCIA_TEORICO_METODOLOGICA,Modelo de curadoria,Eliminar informação redundante,Manter o campo subtipo editável,Retirar o campo e preservar compatibilidade interna,Consistência de dados,MODIFICADA,Curadoria deixa de duplicar estrutura já definida por outros campos
C88,2026-07-15,CONSISTENCIA_TEORICO_METODOLOGICA,Bloqueio dinâmico,Aplicar a regra ao trocar o idioma,Bloquear somente quando a linha já era tradução,Atualizar imediatamente o estado editável ao selecionar outro idioma,Consistência operacional e metodológica,MODIFICADA,Semântica permanece protegida durante toda a edição da tradução
C89,2026-07-15,REFINAMENTO_VISUAL_OPERACIONAL,Integração com Gmail,Preencher efetivamente a mensagem no navegador,Usar mailto associado ao Gmail,"Abrir o compositor Web com destinatário, assunto e corpo parametrizados",Fluxo de suporte,MODIFICADA,Gmail passa a abrir com o relato preenchido
C90,2026-07-15,ESTRUTURAL_GENERALIZACAO,Scaffolding de erro,Responder a posicionamentos semanticamente incompatíveis,Exibir somente uma anotação genérica,"Combinar tremor leve, som sutil e tooltip contextual em todas as categorias",Interação pedagógica e arquitetura reutilizável,MODIFICADA,Erro semântico recebe feedback multissensorial que desaparece após correção
C91,2026-07-16,ESTRUTURAL_GENERALIZACAO,Ajuda contextual,Oferecer orientação situada nas representações,Concentrar a ajuda em instruções gerais,"Adicionar interrogações no texto, Vergnaud e diagrama complementar com três intenções de ajuda",Scaffolding e acessibilidade,MODIFICADA,"Usuário pode pedir dúvida, continuidade ou próximo passo na área relevante"
C94,2026-07-16,CONSISTENCIA_TEORICO_METODOLOGICA,Inicialização e estrutura visual,Preservar as divisões da tela antes da escolha da categoria,Ocultar painéis juntamente com enunciado e diagramas,Distinguir estrutura visual estável de conteúdo educativo transitório e manter os três painéis vazios,Consistência de interface e regressão visual,MODIFICADA,A tela mantém sua organização espacial e carrega somente os conteúdos após a seleção da categoria
C96,2026-07-16,CONSISTENCIA_TEORICO_METODOLOGICA,Análise da modelagem,Vincular a análise qualitativa a uma tentativa efetivamente iniciada,Permitir a abertura da análise logo após o carregamento da situação,Exigir ao menos um posicionamento atual no diagrama de Vergnaud e ocultar novamente após restauração,Validade metodológica e estado da tentativa,MODIFICADA,Análises e fotografias passam a possuir uma ação de modelagem como referente empírico
C97,2026-07-16,REFINAMENTO_VISUAL_OPERACIONAL,Análise da modelagem,Integrar a janela à identidade visual do Gérard,Manter o formulário com o tema cinza padrão do Swing,"Aplicar fundo claro, cartões brancos, títulos azuis e botões consistentes sem alterar os dados",Coerência visual e usabilidade,MODIFICADA,A janela qualitativa passa a pertencer visualmente à mesma atividade educacional
C98,2026-07-16,ESTRUTURAL_GENERALIZACAO,Diagrama complementar e estado compartilhado,Permitir criação incremental de unidades nos agrupamentos,Manter quadradinhos apenas por reconstrução automática ou arraste existente,"Adicionar controle vetorial junto a cada coleção, registrar o clique e sincronizar a nova quantidade","Manipulação direta, logging e consistência entre representações",MODIFICADA,Coleções tornam-se extensíveis pelo usuário sem criar uma segunda fonte de verdade
C100,2026-07-16,ESTRUTURAL_GENERALIZACAO,Diagrama complementar e estado compartilhado,Permitir remoção incremental de unidades visíveis,Manter apenas o controle de adição ou depender da tecla Delete,"Adicionar controle vetorial de subtração condicionado à existência de quadradinhos, preservar textos remanescentes e sincronizar a cardinalidade","Manipulação direta, affordance e consistência entre representações",MODIFICADA,Coleções passam a permitir aumento e redução explícitos sem criar fonte de verdade paralela
C103,2026-07-16,REFINAMENTO_VISUAL_OPERACIONAL,Controles das coleções,Evitar sobreposição entre controles e números de cardinalidade,Posicionar os ícones na mesma faixa lateral dos números,Separar espacialmente controles e contagens sem afastá-los da representação,Legibilidade e associação visual,MODIFICADA,Controles permanecem associados ao agrupamento sem cobrir os numerais
C104,2026-07-16,REFINAMENTO_VISUAL_OPERACIONAL,Controles das coleções,Aumentar a folga visual entre controles e contagens,Considerar suficiente a primeira correção de sobreposição,Refinar novamente os afastamentos horizontal e vertical,Inspeção visual e ergonomia,MODIFICADA,Coluna de controles passa a ocupar a borda superior lateral com separação confortável
C105,2026-07-16,ESTRUTURAL_GENERALIZACAO,Cardinalidade semântica das coleções,Impedir que a manipulação direta ultrapasse o valor semântico curado,Permitir adição ilimitada de quadradinhos e apenas sincronizar a quantidade resultante,"Usar o valor curado ou derivado como limite e aplicar tremor, som e tooltip ao atingi-lo","Semântica das categorias, scaffolding e fonte de verdade",MODIFICADA,Coleções manipuláveis respeitam a quantidade da situação e não produzem cardinalidades semanticamente impossíveis
C107,2026-07-16,ESTRUTURAL_GENERALIZACAO,Arquitetura das representações com unidades,Expressar criação e remoção de unidades como capacidades arquiteturais explícitas,Manter controles e tela acoplados diretamente a CirculoVenn e a verificações concretas,"Definir interfaces-base e especializadas, centralizar estado comum em classe abstrata e operar implementações por polimorfismo","Orientação a objetos, extensibilidade e redução de acoplamento",MODIFICADA,Representações declaram capacidades por contratos; controles deixam de depender da classe concreta e novas implementações podem variar sem condicionais por categoria
C109,2026-07-16,REFINAMENTO_VISUAL_OPERACIONAL,Rótulos dos diagramas,Uniformizar a ênfase dos personagens,Manter pesos tipográficos diferentes entre representações,"Exibir em negrito todos os nomes curados sem alterar cor, posição ou papel",Consistência visual entre representações,MODIFICADA,Personagens recebem a mesma hierarquia tipográfica em todos os diagramas
C110,2026-07-16,REFINAMENTO_VISUAL_OPERACIONAL,Affordance das unidades,Comunicar que os quadradinhos são manipuláveis,Manter unidades totalmente planas ou aplicar volume forte,"Usar relevo 2,5D discreto, intensificado apenas no foco e no arraste","IHC, contagem visual e manipulação direta",MODIFICADA,Unidades permanecem contáveis e ganham affordance sem alterar a paleta semântica
C112,2026-07-16,ESTRUTURAL_GENERALIZACAO,Mapeamento visual-semântico,Corrigir o incremento do Referendo na comparação,Usar o índice visual como índice do estado semântico,Introduzir contrato explícito entre ordem visual e papéis semânticos por categoria,Semântica de Vergnaud e arquitetura de representações,MODIFICADA,Cada clique altera uma unidade no papel correto e recalcula o valor relativo
C113,2026-07-16,REFINAMENTO_VISUAL_OPERACIONAL,Pickup de elementos,Tornar perceptível o momento em que um objeto é pego,Alterar apenas o cursor ou manter a pintura original,"Combinar cursor, escala de 106%, elevação, sombra e prioridade de pintura","Affordance, manipulação direta e arquitetura gráfica",MODIFICADA,Elementos em trânsito recebem prioridade visual sem alterar coordenadas reais
C114,2026-07-16,REFINAMENTO_VISUAL_OPERACIONAL,Cursores de interação,Padronizar a mão usada nos elementos manipuláveis,Usar cursores vetoriais personalizados,Adotar o cursor nativo já consolidado nos controles laterais,Consistência visual e compatibilidade de plataforma,MODIFICADA,A mesma mão passa a indicar disponibilidade em toda a interface
C115,2026-07-16,REFINAMENTO_VISUAL_OPERACIONAL,Estados do pickup,Distinguir disponibilidade de movimento ativo,Manter a mesma mão durante todas as fases,Usar mão no mouseover e cursor de movimento durante o arraste,Affordance e estados de interação,MODIFICADA,Cursor comunica separadamente que o item pode ser pego e que está em deslocamento
C116,2026-07-16,ESTRUTURAL_GENERALIZACAO,Arraste físico,Dar continuidade física ao deslocamento sem perder precisão,Copiar instantaneamente as coordenadas do cursor,"Introduzir controlador de mola amortecida, origem fantasma e conclusão exata na soltura","IHC, animação e separação entre estado visual e semântico",MODIFICADA,O objeto persegue o cursor com atraso limitado e valida na coordenada real de soltura
C117,2026-07-16,ESTRUTURAL_GENERALIZACAO,Sincronização do enunciado,Manter os valores conhecidos do texto coerentes com os diagramas,Atualizar apenas Vergnaud e a representação complementar,Criar contrato comum para marcadores textuais e sincronizador pelo estado compartilhado,Arquitetura de estado e representação textual,MODIFICADA,Texto manipulável acompanha o estado sem alterar a situação curada
C118,2026-07-16,CONSISTENCIA_TEORICO_METODOLOGICA,Incógnita no enunciado,Preservar a função semântica da interrogação,Substituir o ponto de interrogação pelo valor derivado,Sincronizar somente valores conhecidos e manter a incógnita original visível,Teoria dos Campos Conceituais e validade da tarefa,MODIFICADA,O texto não revela automaticamente a resposta e mantém o papel desconhecido
C119,2026-07-16,CONSISTENCIA_TEORICO_METODOLOGICA,Sequenciamento da modelagem,Impedir adição de unidades antes da modelagem em Vergnaud,Liberar o controle complementar assim que a situação fosse carregada,Condicionar a adição à explicitação dos elementos semânticos no diagrama formal,Validade metodológica e ordem das ações,MODIFICADA,A representação complementar deixa de antecipar a modelagem formal
C120,2026-07-16,ESTRUTURAL_GENERALIZACAO,Controles quantitativos,Unificar regras de adição e remoção de quantidades positivas,Controlar botões por eventos locais e estados compartilhados entre agrupamentos,"Calcular cada controle pelo estado semântico, limites curados, piso zero e relação aditiva",Arquitetura de domínio e consistência entre representações,MODIFICADA,"Texto, Vergnaud, coleções e barras permanecem sincronizados sem alterar a curadoria"
C121,2026-07-16,REFINAMENTO_VISUAL_OPERACIONAL,Drag-and-drop com momento,Explicitar massa e inércia no seguimento elástico,Usar posição suavizada sem modelo físico explícito,"Aplicar massa-mola-amortecedor com limite de velocidade, atraso máximo e soltura exata","IHC, física discreta e preservação semântica",MODIFICADA,O elemento persegue o cursor com pequeno atraso e momento sem afetar regras da C120
C122,2026-07-16,CONSISTENCIA_TEORICO_METODOLOGICA,Sinal e cardinalidade de medidas,Impedir que a escolha do sinal produza quantidades negativas,Propagar o sinal relativo e limitar visualmente a quantidade resultante,"Validar a relação antes da propagação, permitir sinal apenas na transformação ou no valor relativo e preservar quantidades não negativas","Teoria dos Campos Conceituais, invariantes numéricos e sincronização",MODIFICADA,Escolhas incompatíveis são bloqueadas sem alterar dados curados nem gerar estados negativos
